,股ひらかせたい💕
,コスプレさせてめちゃくちゃに犯しまくりたい💕
,このムッチリ感えっろ💕💕
,谷間見えてる︎💕
,メッチャ舐め回したい💕💕
,まんこに指何本入るかな4本突っ込んでやりたいw
,メッチャ効くぅ〜💕💕
,エッロい太もも❤️❤️
,マヤは顔マンコすぎる
,マヤめっちゃ顔まんこ💕
,マヤの体一日中舐めたい挿入しなくていいから❤️
,ほぼほぼ毎日マヤで抜いてます❤️❤️
,ぶっとコンビエロすぎ💕💕
,いつ見てもすぐ勃起してチンコキ我慢出来なくなる💗
,マユカと下品な事いっぱいしたい💗
,マユカの顔の前でチンコキして匂い嗅がせたいし本気交尾もしたい💗
,自分がちんぽの餌になってるの分かっててチン媚してるんでしょ💗早く交尾させてよ💗
,リマと付き合って毎日交尾したい💗S側もM側も💗
,互いにアナルも開発して全身で快感植え付けてお互いの体じゃなきゃ満足できなくしよ💗
,毎日交尾部屋で汗だく体液まみれの本気交尾ヤリまくろ💗ピル飲ませるから毎日中出しね💗
,デカ乳にムチムチの太もも💗むしゃぶりつきたい💗
,絶対甘い下品な匂い💗ちんぽで性教育して躾ないと💗
,下品な顔まんこでちんぽ誘惑してくるのすき💗
,1日中変態交尾しまくって種付けしてあげるからね💗
,交尾しよぉ💗汗だく体液まみれの交尾💗
,ぶっとい唇と唾液ダラダラ垂れ流しべろちゅーしながらちんぽとまんこ触りあお💗
,デカ乳も揉みまくりながら全身嗅ぎ舐める💗
,太ももコキして発情ちんぽガチガチにしたら密着してどちゅどちゅ子宮にちんぽキスしてちんぽ汁中出ししてぶちまける💗
,エッロ💗一瞬でちんぽバキバキになりゅ💗
,まんこ過ぎなんだよ💗べろちゅーして見つめあいながら子宮にどちゅどちゅしまくりたい💗
,マユカの全身舐めまわしたい💗指も足もアナルも💗
,何発もザーメン持ってかれる💗エロすぎ💗
,本気交尾しよマユカ💗そんなにチン媚してんだから欲求不満なんだよね💗毎日交尾しまくろ💗
,性的な目でしか見てないからね💗全身嗅ぎ舐めながらデカ乳揉んでトッロトロのまんこ味わう💗
,ちんぽ欲しかったら下品なガニ股オナニー見せろ💗
,まんこもアナルもガバガバに使いまくって性処理ペットとして飼う💗
,マユカ脇まんこえっろい💗蒸れた脇まんこマユカに抱きついて太ももにちんぽ擦り付けながら嗅ぎ舐めたい💗そのまま太ももにぶっかけたい💗
,スベスベで細くて長い指でちんぽしごいて💗